{"Vzo7dA8S1PgsZS51/QsOqg==":"mbr-144x161.png","9+Do835rj3+4FhxE85fPxg==":"mbr-128x135.png","C03YKYxS5mggQNw1ijbihQ==":"mbr-136x87.png","RSfv0AywBmmX/i4y6yXSfQ==":"mbr-226x170.png","adIzUAvGiiT1M4AhrDGRaA==":"mbr-192x128.png","md9PPbevag3WrcOv6PEbtw==":"mbr-216x303.png","qAsmeLvup6r3YLAmH7FVFg==":"mbr-102x215.png","bJ8PS9CzQiZpgzx4+5yHYw==":"mbr-68x98.png","yTg4V41oqAac+3WdBLlIjw==":"mbr-100x105.png","G5MKxP9+8NzyyXQc9O5rXA==":"mbr-132x185.png","pd7biz+iYTiteRO9EFuQWw==":"mbr-92x103.png","+ot4TzgLFyoi+Fc0SdCINQ==":"mbr-114x81.png"}